date,model,occupation,task_id,task_description,chat_response,chat_response_id
2024-04-08 19:17:40,gpt-3.5-turbo,Chief Executives,8823,"Direct or coordinate an organization's financial or budget activities to fund operations, maximize investments, or increase efficiency.","1: Based on the task description provided, I would label this task as E2. While the LLM can assist in providing information and insights related to financial activities, coordinating an organization's financial or budget activities involves a level of complexity that may not be fully addressed by the LLM alone. However, additional software could be developed on top of the LLM to help with tasks such as analyzing financial data, making recommendations based on financial information, or retrieving specialized domain knowledge related to finance.

2: E2

3: Moderate",run-d27c0ac1-5541-4a1f-b47c-bb6b94f639aa-0
2024-04-08 19:17:47,open-mistral-7b,Chief Executives,8823,"Direct or coordinate an organization's financial or budget activities to fund operations, maximize investments, or increase efficiency.","1: This task falls under label E0. The reason being that while the LLM can provide insights and recommendations based on financial data and budget information, it cannot directly execute financial transactions or make decisions without human intervention. The role of a Chief Executive involves more than just analyzing data and making recommendations; it also requires a high degree of human interaction and decision-making that goes beyond what the LLM is capable of.

2: E0

3: My certainty about this estimate is high. The LLM may be able to provide valuable insights and recommendations based on financial data and budget information, but it cannot directly execute financial transactions or make decisions without human intervention. The role of a Chief Executive involves more than just analyzing data and making recommendations; it also requires a high degree of human interaction and decision-making that goes beyond what the LLM is capable of.",run-c2dd35f1-d313-4907-9a0b-7d35ac4b8a90-0
2024-04-08 19:17:52,open-mistral-7b,Chief Executives,8823,"Direct or coordinate an organization's financial or budget activities to fund operations, maximize investments, or increase efficiency.","1: This task falls under label E0. The reason being that while the LLM can provide insights and recommendations based on financial data and budget information, it cannot directly execute financial transactions or make decisions without human intervention. The role of a Chief Executive involves more than just analyzing data and making recommendations; it also requires a high degree of human interaction and decision-making that goes beyond what the LLM is capable of.

2: E0

3: My certainty about this estimate is high. The LLM may be able to provide valuable insights and recommendations based on financial data and budget information, but it cannot directly execute financial transactions or make decisions without human intervention. The role of a Chief Executive involves more than just analyzing data and making recommendations; it also requires a high degree of human interaction and decision-making that goes beyond what the LLM is capable of.",run-013cfa23-88f7-44a0-9111-15ab70250d1b-0
2024-04-08 19:17:55,gpt-3.5-turbo,Chief Executives,8823,"Direct or coordinate an organization's financial or budget activities to fund operations, maximize investments, or increase efficiency.","1: Based on the task description provided, I would label this task as E2. While the LLM can assist in providing information and insights related to financial activities, coordinating an organization's financial or budget activities involves a level of complexity that may not be significantly reduced by the LLM alone. However, additional software could be developed on top of the LLM to help with tasks such as analyzing financial data, making recommendations based on data, or retrieving specialized financial knowledge to streamline the financial coordination process.

2: E2

3: Moderate",run-4fca85dd-0f4c-44cc-b5ad-7fdb0f3e9bc0-0
